name,description,pageCount,properties
"Unknown","","","Notes; Estimated Hours; Dependencies; Status; Parameters; Created Date; Actual Hours; Assigned To; Category; Description; Priority; Updated Date; Type; File Path; Integration Type; Version; Name"
"Unknown","","","Notes; Estimated Hours; Dependencies; Status; Parameters; Created Date; Actual Hours; Assigned To; Category; Description; Priority; Updated Date; Type; File Path; Integration Type; Version; Name"
"Unknown","","","Notes; Estimated Hours; Dependencies; Status; Parameters; Created Date; Actual Hours; Assigned To; Category; Description; Priority; Updated Date; Type; File Path; Integration Type; Version; Name"
"Unknown","","","Notes; Estimated Hours; Dependencies; Status; Parameters; Created Date; Actual Hours; Assigned To; Category; Description; Priority; Updated Date; Type; File Path; Integration Type; Version; Name"
"Unknown","","","Notes; Estimated Hours; Dependencies; Status; Parameters; Created Date; Actual Hours; Assigned To; Category; Description; Priority; Updated Date; Type; File Path; Integration Type; Version; Name"
"Unknown","","","Notes; Estimated Hours; Dependencies; Status; Parameters; Created Date; Actual Hours; Assigned To; Category; Description; Priority; Updated Date; Type; File Path; Integration Type; Version; Name"
"Unknown","","","Notes; Estimated Hours; Dependencies; Status; Parameters; Created Date; Actual Hours; Assigned To; Category; Description; Priority; Updated Date; Type; File Path; Integration Type; Version; Name"
"Unknown","","","Notes; Estimated Hours; Dependencies; Status; Parameters; Created Date; Actual Hours; Assigned To; Category; Description; Priority; Updated Date; Type; File Path; Integration Type; Version; Name"
"Unknown","","","Notes; Estimated Hours; Dependencies; Status; Parameters; Created Date; Actual Hours; Assigned To; Category; Description; Priority; Updated Date; Type; File Path; Integration Type; Version; Name"
"Unknown","","","Notes; Estimated Hours; Dependencies; Status; Parameters; Created Date; Actual Hours; Assigned To; Category; Description; Priority; Updated Date; Type; File Path; Integration Type; Version; Name"